{
  "simple_cnn": {
    "num_eval_patches": 2048,
    "threshold_metrics": {
      "0.1": {
        "precision": 0.3853700270757248,
        "recall": 0.9558911540110698,
        "f1": 0.5492916333262199,
        "iou": 0.3786368800267395,
        "dice": 0.5492916742795907,
        "accuracy": 0.9200879335403436,
        "pred_change_ratio": 0.12636065483093253,
        "true_change_ratio": 0.050942629575729335
      },
      "0.2": {
        "precision": 0.4551780556679023,
        "recall": 0.938351602450273,
        "f1": 0.6130002684879227,
        "iou": 0.44196139191039296,
        "dice": 0.613000312476962,
        "accuracy": 0.9396431073546403,
        "pred_change_ratio": 0.10501845926046365,
        "true_change_ratio": 0.050942629575729335
      },
      "0.3": {
        "precision": 0.505558975052553,
        "recall": 0.9228267044041727,
        "f1": 0.6532455440814381,
        "iou": 0.4850517547030981,
        "dice": 0.6532455898145759,
        "accuracy": 0.9500912129878991,
        "pred_change_ratio": 0.09298859536647791,
        "true_change_ratio": 0.050942629575729335
      },
      "0.4": {
        "precision": 0.5487380169056912,
        "recall": 0.9073105816183905,
        "f1": 0.6838724690726276,
        "iou": 0.5196096308108712,
        "dice": 0.6838725160403267,
        "accuracy": 0.9572678804397576,
        "pred_change_ratio": 0.08423106372356409,
        "true_change_ratio": 0.050942629575729335
      },
      "0.5": {
        "precision": 0.5895119824252218,
        "recall": 0.8903083684977385,
        "f1": 0.7093393674286914,
        "iou": 0.5495940790368752,
        "dice": 0.7093394153628496,
        "accuracy": 0.9628307446837419,
        "pred_change_ratio": 0.07693592458963389,
        "true_change_ratio": 0.050942629575729335
      },
      "0.6": {
        "precision": 0.6307377379286888,
        "recall": 0.8704164621543371,
        "f1": 0.7314431439389734,
        "iou": 0.5765947480118123,
        "dice": 0.7314431926643615,
        "accuracy": 0.9674392789602273,
        "pred_change_ratio": 0.07030069828033443,
        "true_change_ratio": 0.050942629575729335
      },
      "0.7": {
        "precision": 0.6760118364581746,
        "recall": 0.844719867364853,
        "f1": 0.7510076759024287,
        "iou": 0.6012909290889465,
        "dice": 0.7510077252870603,
        "accuracy": 0.971465811133384,
        "pred_change_ratio": 0.06365606188774105,
        "true_change_ratio": 0.050942629575729335
      },
      "0.8": {
        "precision": 0.7303185655737445,
        "recall": 0.8067007595280197,
        "f1": 0.7666117056480881,
        "iou": 0.6215494261100903,
        "dice": 0.7666117555246104,
        "accuracy": 0.9749776944518083,
        "pred_change_ratio": 0.05627059191465374,
        "true_change_ratio": 0.050942629575729335
      },
      "0.9": {
        "precision": 0.8073398767604653,
        "recall": 0.7328004897765186,
        "f1": 0.768266362660339,
        "iou": 0.6237277446736709,
        "dice": 0.7682664125432244,
        "accuracy": 0.977479696273803,
        "pred_change_ratio": 0.04623924195766446,
        "true_change_ratio": 0.050942629575729335
      }
    }
  },
  "unet": {
    "num_eval_patches": 2048,
    "threshold_metrics": {
      "0.1": {
        "precision": 0.7979887175501782,
        "recall": 0.9323131995710517,
        "f1": 0.859937059680006,
        "iou": 0.7542891856694239,
        "dice": 0.8599371093786828,
        "accuracy": 0.9845286011695855,
        "pred_change_ratio": 0.059517741203308064,
        "true_change_ratio": 0.050942629575729335
      },
      "0.2": {
        "precision": 0.8365912676329715,
        "recall": 0.916198311522898,
        "f1": 0.8745869695093847,
        "iou": 0.7771254059508306,
        "dice": 0.8745870194062512,
        "accuracy": 0.986614324152469,
        "pred_change_ratio": 0.05579014867544171,
        "true_change_ratio": 0.050942629575729335
      },
      "0.3": {
        "precision": 0.8560553885829925,
        "recall": 0.9055087281664078,
        "f1": 0.8800878432762357,
        "iou": 0.7858544326130311,
        "dice": 0.8800878932368329,
        "accuracy": 0.9874298349022859,
        "pred_change_ratio": 0.05388552695512768,
        "true_change_ratio": 0.050942629575729335
      },
      "0.4": {
        "precision": 0.8687960641326201,
        "recall": 0.8970795056135209,
        "f1": 0.8827112316498542,
        "iou": 0.7900476100128923,
        "dice": 0.8827112816370309,
        "accuracy": 0.9878554940223687,
        "pred_change_ratio": 0.05260105431079861,
        "true_change_ratio": 0.050942629575729335
      },
      "0.5": {
        "precision": 0.8786999916053231,
        "recall": 0.8894513180733377,
        "f1": 0.8840429178702791,
        "iou": 0.7921836974133695,
        "dice": 0.8840429678684341,
        "accuracy": 0.9881134107708924,
        "pred_change_ratio": 0.051565937697887386,
        "true_change_ratio": 0.050942629575729335
      },
      "0.6": {
        "precision": 0.8877235475292281,
        "recall": 0.8815687942382683,
        "f1": 0.8846354157602851,
        "iou": 0.7931357315052303,
        "dice": 0.8846354657596837,
        "accuracy": 0.988286800682544,
        "pred_change_ratio": 0.05058943480253216,
        "true_change_ratio": 0.050942629575729335
      },
      "0.7": {
        "precision": 0.8973159327776081,
        "recall": 0.872025113624983,
        "f1": 0.8844897207402167,
        "iou": 0.7929015328786598,
        "dice": 0.8844897707300046,
        "accuracy": 0.9883970618247979,
        "pred_change_ratio": 0.04950681328773495,
        "true_change_ratio": 0.050942629575729335
      },
      "0.8": {
        "precision": 0.909065095423103,
        "recall": 0.858269746822027,
        "f1": 0.8829374111761449,
        "iou": 0.790410053524702,
        "dice": 0.8829374611348458,
        "accuracy": 0.9884062707424157,
        "pred_change_ratio": 0.04809613525867459,
        "true_change_ratio": 0.050942629575729335
      },
      "0.9": {
        "precision": 0.9268189050659044,
        "recall": 0.8313792778662658,
        "f1": 0.8765086844715358,
        "iou": 0.7801651522381717,
        "dice": 0.8765087343242094,
        "accuracy": 0.9880658760666841,
        "pred_change_ratio": 0.04569678753614423,
        "true_change_ratio": 0.050942629575729335
      }
    }
  },
  "siamese_temporal_attention_unet": {
    "num_eval_patches": 2048,
    "threshold_metrics": {
      "0.1": {
        "precision": 0.828774363358056,
        "recall": 0.9398344751896928,
        "f1": 0.8808173495683836,
        "iou": 0.7870184890976395,
        "dice": 0.8808173993712252,
        "accuracy": 0.9870434403419488,
        "pred_change_ratio": 0.05776920914649959,
        "true_change_ratio": 0.050942629575729335
      },
      "0.2": {
        "precision": 0.8623802795107648,
        "recall": 0.9267868331313913,
        "f1": 0.8934242507411732,
        "iou": 0.8073774810186782,
        "dice": 0.8934243006763836,
        "accuracy": 0.988736025989055,
        "pred_change_ratio": 0.05474726110696789,
        "true_change_ratio": 0.050942629575729335
      },
      "0.3": {
        "precision": 0.8794656145785387,
        "recall": 0.9178114968780415,
        "f1": 0.8982294406491959,
        "iou": 0.8152600591362262,
        "dice": 0.8982294906264392,
        "accuracy": 0.9894050359725945,
        "pred_change_ratio": 0.05316379666328427,
        "true_change_ratio": 0.050942629575729335
      },
      "0.4": {
        "precision": 0.8909568945741985,
        "recall": 0.9105874100755066,
        "f1": 0.9006651504401688,
        "iou": 0.8192819883351256,
        "dice": 0.9006652004342359,
        "accuracy": 0.9897677525877946,
        "pred_change_ratio": 0.05206505209207531,
        "true_change_ratio": 0.050942629575729335
      },
      "0.5": {
        "precision": 0.9000071358668928,
        "recall": 0.90386599943486,